pid,survived,honor,sex,clare,age,fare,origin,cabin,alone,port,sisp,pach
1,0,mr,male,1,26,9,eng,0,False,S,1,0
3,1,miss,female,1,32,9,other,0,True,S,0,0
5,0,mr,male,1,40,9,eng,0,True,S,0,0
6,0,mr,male,1,40,9,eng,0,True,Q,0,0
13,0,mr,male,1,21,9,eng,0,True,S,0,0
15,0,miss,female,1,21,9,other,0,True,S,0,0
20,1,mrs,female,1,40,9,other,0,True,C,0,0
23,1,miss,female,1,21,9,eng,0,True,Q,0,0
27,0,mr,male,1,40,9,other,0,True,C,0,0
29,1,miss,female,1,32,9,eng,0,True,Q,0,0
30,0,mr,male,1,40,9,other,0,True,S,0,0
33,1,miss,female,1,32,9,eng,0,True,Q,0,0
37,1,mr,male,1,40,9,other,0,True,C,0,0
38,0,mr,male,1,26,9,eng,0,True,S,0,0
43,0,mr,male,1,40,9,other,0,True,C,0,0
45,1,miss,female,1,21,9,eng,0,True,Q,0,0
46,0,mr,male,1,40,9,eng,0,True,S,0,0
48,1,miss,female,1,32,9,eng,0,True,Q,0,0
52,0,mr,male,1,26,9,eng,0,True,S,0,0
58,0,mr,male,1,32,9,other,0,True,C,0,0
61,0,mr,male,1,26,9,other,0,True,C,0,0
68,0,mr,male,1,21,9,eng,0,True,S,0,0
69,1,miss,female,1,21,9,other,0,False,S,4,2
70,0,mr,male,1,32,9,other,0,False,S,2,0
76,0,mr,male,1,26,9,other,1,True,S,0,0
77,0,mr,male,1,40,9,other,0,True,S,0,0
78,0,mr,male,1,40,9,other,0,True,S,0,0
83,1,miss,female,1,32,9,other,0,True,Q,0,0
88,0,mr,male,1,40,9,other,0,True,S,0,0
90,0,mr,male,1,26,9,other,0,True,S,0,0
91,0,mr,male,1,32,9,other,0,True,S,0,0
92,0,mr,male,1,21,9,eng,0,True,S,0,0
95,0,mr,male,1,51,9,eng,0,True,S,0,0
96,0,mr,male,1,40,9,eng,0,True,S,0,0
101,0,miss,female,1,32,9,eng,0,True,S,0,0
102,0,mr,male,1,40,9,other,0,True,S,0,0
104,0,mr,male,1,40,9,other,0,True,S,0,0
105,0,mr,male,1,40,9,other,0,False,S,2,0
106,0,mr,male,1,32,9,other,0,True,S,0,0
107,1,miss,female,1,26,9,eng,0,True,S,0,0
108,1,mr,male,1,40,9,eng,0,True,S,0,0
109,0,mr,male,1,40,9,other,0,True,S,0,0
113,0,mr,male,1,26,9,eng,0,True,S,0,0
116,0,mr,male,1,26,9,other,0,True,S,0,0
117,0,mr,male,1,51,9,eng,0,True,Q,0,0
122,0,mr,male,1,40,9,eng,0,True,S,0,0
127,0,mr,male,1,40,9,eng,0,True,Q,0,0
128,1,mr,male,1,26,9,other,0,True,S,0,0
130,0,mr,male,1,50,9,other,0,True,S,0,0
131,0,mr,male,1,40,9,other,0,True,C,0,0
132,0,mr,male,1,21,9,other,0,True,S,0,0
142,1,miss,female,1,26,9,eng,0,True,S,0,0
144,0,mr,male,1,21,9,eng,0,True,Q,0,0
147,1,mr,male,1,32,9,other,0,True,S,0,0
153,0,mr,male,1,51,9,eng,0,True,S,0,0
155,0,mr,male,1,40,9,other,0,True,S,0,0
157,1,miss,female,1,21,9,eng,0,True,Q,0,0
158,0,mr,male,1,32,9,eng,0,True,S,0,0
159,0,mr,male,1,40,9,other,0,True,S,0,0
163,0,mr,male,1,32,9,eng,0,True,S,0,0
164,0,mr,male,1,21,9,other,0,True,S,0,0
174,0,mr,male,1,26,9,other,0,True,S,0,0
176,0,mr,male,1,21,9,other,0,False,S,1,1
180,0,mr,male,1,40,9,other,0,True,S,0,0
190,0,mr,male,1,40,9,other,0,True,S,0,0
193,1,miss,female,1,21,9,other,0,False,S,1,0
197,0,mr,male,1,40,9,eng,0,True,Q,0,0
198,0,mr,male,1,50,9,other,0,False,S,0,1
199,1,miss,female,1,32,9,eng,0,True,Q,0,0
203,0,mr,male,1,40,9,other,0,True,S,0,0
204,0,mr,male,1,50,9,other,0,True,C,0,0
205,1,mr,male,1,21,9,other,0,True,S,0,0
209,1,miss,female,1,21,9,eng,0,True,Q,0,0
211,0,mr,male,1,26,9,other,0,True,S,0,0
213,0,mr,male,1,26,9,eng,0,True,S,0,0
215,0,mr,male,1,32,9,eng,0,False,Q,1,0
217,1,miss,female,1,32,9,other,0,True,S,0,0
221,1,mr,male,1,21,9,eng,0,True,S,0,0
223,0,mr,male,1,51,9,eng,0,True,S,0,0
224,0,mr,male,1,40,9,other,0,True,S,0,0
228,0,mr,male,1,21,9,eng,0,True,S,0,0
232,0,mr,male,1,32,9,other,0,True,S,0,0
236,0,miss,female,1,32,9,eng,0,True,S,0,0
244,0,mr,male,1,26,9,other,0,True,S,0,0
245,0,mr,male,1,32,9,other,0,True,C,0,0
247,0,miss,female,1,26,9,other,0,True,S,0,0
251,0,mr,male,1,40,9,eng,0,True,S,0,0
261,0,mr,male,1,40,9,eng,0,True,Q,0,0
264,0,mr,male,1,50,9,eng,1,True,S,0,0
265,0,miss,female,1,32,9,eng,0,True,Q,0,0
268,1,mr,male,1,26,9,other,0,False,S,1,0
272,1,mr,male,1,26,9,eng,0,True,S,0,0
275,1,miss,female,1,32,9,eng,0,True,Q,0,0
277,0,miss,female,1,50,9,other,0,True,S,0,0
278,0,mr,male,1,40,9,eng,0,True,S,0,0
281,0,mr,male,1,51,9,eng,0,True,Q,0,0
282,0,mr,male,1,32,9,other,0,True,S,0,0
284,1,mr,male,1,21,9,eng,0,True,S,0,0
286,0,mr,male,1,40,9,other,0,True,C,0,0
288,0,mr,male,1,26,9,other,0,True,S,0,0
290,1,miss,female,1,26,9,eng,0,True,Q,0,0
294,0,miss,female,1,26,9,other,0,True,S,0,0
295,0,mr,male,1,26,9,other,0,True,S,0,0
297,0,mr,male,1,26,9,other,0,True,C,0,0
301,1,miss,female,1,32,9,eng,0,True,Q,0,0
303,0,mr,male,1,21,9,eng,0,True,S,0,0
305,0,mr,male,1,40,9,eng,0,True,S,0,0
314,0,mr,male,1,32,9,other,0,True,S,0,0
316,1,miss,female,1,32,9,other,0,True,S,0,0
321,0,mr,male,1,26,9,eng,0,True,S,0,0
322,0,mr,male,1,32,9,other,0,True,S,0,0
327,0,mr,male,1,51,9,other,0,True,S,0,0
336,0,mr,male,1,40,9,other,0,True,S,0,0
339,1,mr,male,1,50,9,other,0,True,S,0,0
350,0,mr,male,1,50,9,other,0,True,S,0,0
353,0,mr,male,1,21,9,other,0,False,C,1,1
355,0,mr,male,1,40,9,other,0,True,C,0,0
359,1,miss,female,1,32,9,eng,0,True,Q,0,0
360,1,miss,female,1,32,9,eng,0,True,Q,0,0
364,0,mr,male,1,40,9,other,0,True,S,0,0
366,0,mr,male,1,32,9,other,0,True,S,0,0
368,1,mrs,female,1,40,9,other,0,True,C,0,0
369,1,miss,female,1,32,9,eng,0,True,Q,0,0
372,0,mr,male,1,21,9,other,0,False,S,1,0
373,0,mr,male,1,21,9,eng,0,True,S,0,0
377,1,miss,female,1,26,9,other,0,True,S,0,0
379,0,mr,male,1,21,9,other,0,True,C,0,0
380,0,mr,male,1,21,9,other,0,True,S,0,0
383,0,mr,male,1,40,9,other,0,True,S,0,0
385,0,mr,male,1,40,9,other,0,True,S,0,0
389,0,mr,male,1,40,9,eng,0,True,Q,0,0
392,1,mr,male,1,26,9,other,0,True,S,0,0
393,0,mr,male,1,32,9,other,0,False,S,2,0
396,0,mr,male,1,26,9,other,0,True,S,0,0
397,0,miss,female,1,32,9,other,0,True,S,0,0
401,1,mr,male,1,40,9,other,0,True,S,0,0
402,0,mr,male,1,32,9,eng,0,True,S,0,0
405,0,miss,female,1,21,9,other,0,True,S,0,0
407,0,mr,male,1,51,9,other,0,True,S,0,0
409,0,mr,male,1,26,9,other,0,True,S,0,0
411,0,mr,male,1,40,9,other,0,True,S,0,0
412,0,mr,male,1,40,9,eng,0,True,Q,0,0
414,0,mr,male,1,40,9,eng,0,True,S,0,0
415,1,mr,male,1,50,9,other,0,True,S,0,0
416,0,mrs,female,1,40,9,eng,0,True,S,0,0
421,0,mr,male,1,40,9,other,0,True,C,0,0
422,0,mr,male,1,26,9,eng,0,True,Q,0,0
423,0,mr,male,1,32,9,other,0,True,S,0,0
426,0,mr,male,1,40,9,other,0,True,S,0,0
429,0,mr,male,1,40,9,eng,0,True,Q,0,0
430,1,mr,male,1,40,9,other,1,True,S,0,0
434,0,mr,male,1,21,9,other,0,True,S,0,0
443,0,mr,male,1,26,9,other,0,False,S,1,0
445,1,mr,male,1,40,9,other,0,True,S,0,0
455,0,mr,male,1,40,9,eng,0,True,S,0,0
456,1,mr,male,1,32,9,other,0,True,C,0,0
460,0,mr,male,1,40,9,eng,0,True,Q,0,0
462,0,mr,male,1,40,9,eng,0,True,S,0,0
465,0,mr,male,1,40,9,eng,0,True,S,0,0
466,0,mr,male,1,40,9,other,0,True,S,0,0
467,0,mr,male,1,40,9,eng,0,True,S,0,0
469,0,mr,male,1,40,9,eng,0,True,Q,0,0
471,0,mr,male,1,40,9,eng,0,True,S,0,0
472,0,mr,male,1,40,9,other,0,True,S,0,0
478,0,mr,male,1,32,9,eng,0,False,S,1,0
479,0,mr,male,1,26,9,other,0,True,S,0,0
482,0,mr,male,1,40,9,eng,0,True,S,0,0
483,0,mr,male,1,51,9,eng,0,True,S,0,0
489,0,mr,male,1,32,9,eng,0,True,S,0,0
492,0,mr,male,1,26,9,other,0,True,S,0,0
495,0,mr,male,1,26,9,eng,0,True,S,0,0
500,0,mr,male,1,26,9,other,0,True,S,0,0
501,0,mr,male,1,21,9,other,0,True,S,0,0
502,0,miss,female,1,26,9,eng,0,True,Q,0,0
503,0,miss,female,1,32,9,eng,0,True,Q,0,0
511,1,mr,male,1,32,9,eng,0,True,Q,0,0
512,0,mr,male,1,40,9,eng,0,True,S,0,0
515,0,mr,male,1,26,9,other,0,True,S,0,0
520,0,mr,male,1,40,9,other,0,True,S,0,0
522,0,mr,male,1,26,9,other,0,True,S,0,0
523,0,mr,male,1,40,9,other,0,True,C,0,0
525,0,mr,male,1,40,9,other,0,True,C,0,0
526,0,mr,male,1,50,9,eng,0,True,Q,0,0
529,0,mr,male,1,40,9,other,0,True,S,0,0
532,0,mr,male,1,40,9,other,0,True,C,0,0
533,0,mr,male,1,21,9,eng,0,False,C,1,1
535,0,miss,female,1,32,9,other,0,True,S,0,0
553,0,mr,male,1,40,9,eng,0,True,Q,0,0
554,1,mr,male,1,26,9,other,0,True,C,0,0
555,1,miss,female,1,26,9,other,0,True,S,0,0
561,0,mr,male,1,40,9,eng,0,True,Q,0,0
562,0,mr,male,1,50,9,other,0,True,S,0,0
564,0,mr,male,1,40,9,eng,0,True,S,0,0
565,0,miss,female,1,32,9,other,0,True,S,0,0
567,0,mr,male,1,21,9,other,0,True,S,0,0
569,0,mr,male,1,40,9,other,0,True,C,0,0
570,1,mr,male,1,40,9,other,0,True,S,0,0
574,1,miss,female,1,32,9,eng,0,True,Q,0,0
575,0,mr,male,1,21,9,eng,0,True,S,0,0
580,1,mr,male,1,40,9,other,0,True,S,0,0
585,0,mr,male,1,40,9,other,0,True,C,0,0
589,0,mr,male,1,26,9,other,0,True,S,0,0
590,0,mr,male,1,40,9,eng,0,True,S,0,0
591,0,mr,male,1,40,9,other,0,True,S,0,0
593,0,mr,male,1,50,9,eng,0,True,S,0,0
594,0,miss,female,1,21,9,eng,0,False,Q,0,2
598,0,mr,male,1,50,9,eng,0,True,S,0,0
599,0,mr,male,1,40,9,other,0,True,C,0,0
602,0,mr,male,1,40,9,other,0,True,S,0,0
604,0,mr,male,1,50,9,other,0,True,S,0,0
607,0,mr,male,1,32,9,other,0,True,S,0,0
612,0,mr,male,1,40,9,other,0,True,S,0,0
614,0,mr,male,1,40,9,eng,0,True,Q,0,0
615,0,mr,male,1,40,9,eng,0,True,S,0,0
624,0,mr,male,1,26,9,eng,0,True,S,0,0
629,0,mr,male,1,32,9,other,0,True,S,0,0
630,0,mr,male,1,40,9,eng,0,True,Q,0,0
632,0,mr,male,1,51,9,other,0,True,S,0,0
634,0,mr,male,1,50,9,eng,0,True,S,0,0
637,0,mr,male,1,40,9,other,0,True,S,0,0
641,0,mr,male,1,21,9,other,0,True,S,0,0
647,0,mr,male,1,21,9,other,0,True,S,0,0
649,0,mr,male,1,40,9,eng,0,True,S,0,0
650,1,miss,female,1,26,9,eng,0,True,S,0,0
651,0,mr,male,1,40,9,other,0,True,S,0,0
653,0,mr,male,1,26,9,other,0,True,S,0,0
654,1,miss,female,1,32,9,eng,0,True,Q,0,0
655,0,miss,female,1,21,9,eng,0,True,Q,0,0
657,0,mr,male,1,40,9,eng,0,True,S,0,0
662,0,mr,male,1,50,9,other,0,True,C,0,0
664,0,mr,male,1,40,9,other,0,True,S,0,0
665,1,mr,male,1,21,9,other,0,False,S,1,0
668,0,mr,male,1,40,9,other,0,True,S,0,0
669,0,mr,male,1,50,9,eng,0,True,S,0,0
675,0,mr,male,1,40,9,eng,0,True,S,0,0
676,0,mr,male,1,21,9,other,0,True,S,0,0
677,0,mr,male,1,26,9,eng,0,True,S,0,0
681,0,miss,female,1,32,9,eng,0,True,Q,0,0
689,0,mr,male,1,21,9,other,0,True,S,0,0
694,0,mr,male,1,26,9,other,0,True,C,0,0
697,0,mr,male,1,50,9,eng,0,True,S,0,0
698,1,miss,female,1,32,9,eng,0,True,Q,0,0
700,0,mr,male,1,50,9,other,1,True,S,0,0
704,0,mr,male,1,26,9,eng,0,True,Q,0,0
705,0,mr,male,1,32,9,other,0,False,S,1,0
716,0,mr,male,1,21,9,eng,1,True,S,0,0
720,0,mr,male,1,40,9,other,0,True,S,0,0
722,0,mr,male,1,21,9,other,0,False,S,1,0
726,0,mr,male,1,21,9,other,0,True,S,0,0
728,1,miss,female,1,32,9,other,0,True,Q,0,0
730,0,miss,female,1,26,9,other,0,False,S,1,0
733,0,mr,male,1,40,9,eng,0,True,S,0,0
739,0,mr,male,1,40,9,other,0,True,S,0,0
740,0,mr,male,1,40,9,other,0,True,S,0,0
745,1,mr,male,1,32,9,other,0,True,S,0,0
750,0,mr,male,1,32,9,eng,0,True,Q,0,0
754,0,mr,male,1,26,9,other,0,True,S,0,0
757,0,mr,male,1,32,9,other,0,True,S,0,0
759,0,mr,male,1,40,9,eng,0,True,S,0,0
762,0,mr,male,1,50,9,other,0,True,S,0,0
763,1,mr,male,1,21,9,other,0,True,C,0,0
765,0,mr,male,1,21,9,other,0,True,S,0,0
768,0,miss,female,1,32,9,eng,0,True,Q,0,0
770,0,mr,male,1,40,9,eng,0,True,S,0,0
772,0,mr,male,1,50,9,other,0,True,S,0,0
774,0,mr,male,1,40,9,other,0,True,C,0,0
776,0,mr,male,1,21,9,other,0,True,S,0,0
777,0,mr,male,1,40,9,eng,1,True,Q,0,0
779,0,mr,male,1,40,9,eng,0,True,Q,0,0
781,1,miss,female,1,21,9,other,0,True,C,0,0
785,0,mr,male,1,26,9,eng,0,True,S,0,0
786,0,mr,male,1,26,9,eng,0,True,S,0,0
787,1,miss,female,1,21,9,eng,0,True,S,0,0
791,0,mr,male,1,40,9,eng,0,True,Q,0,0
795,0,mr,male,1,26,9,other,0,True,S,0,0
798,1,mrs,female,1,32,9,other,0,True,S,0,0
799,0,mr,male,1,32,9,other,0,True,C,0,0
804,1,master,male,1,13,9,other,0,False,C,0,1
805,1,mr,male,1,32,9,other,0,True,S,0,0
806,0,mr,male,1,32,9,other,0,True,S,0,0
807,0,mr,male,1,40,9,eng,1,True,S,0,0
808,0,miss,female,1,21,9,eng,0,True,S,0,0
811,0,mr,male,1,32,9,eng,0,True,S,0,0
815,0,mr,male,1,32,9,eng,0,True,S,0,0
816,0,mr,male,1,50,9,eng,1,True,S,0,0
817,0,miss,female,1,26,9,other,0,True,S,0,0
819,0,mr,male,1,50,9,eng,0,True,S,0,0
822,1,mr,male,1,32,9,other,0,True,S,0,0
823,0,mr,male,1,40,9,eng,0,True,S,0,0
826,0,mr,male,1,40,9,eng,0,True,Q,0,0
829,1,mr,male,1,40,9,eng,0,True,Q,0,0
833,0,mr,male,1,40,9,other,0,True,C,0,0
834,0,mr,male,1,26,9,eng,0,True,S,0,0
835,0,mr,male,1,21,9,eng,0,True,S,0,0
837,0,mr,male,1,26,9,other,0,True,S,0,0
838,0,mr,male,1,40,9,eng,0,True,S,0,0
841,0,mr,male,1,21,9,other,0,True,S,0,0
844,0,mr,male,1,40,9,eng,0,True,C,0,0
845,0,mr,male,1,21,9,other,0,True,S,0,0
846,0,mr,male,1,50,9,eng,0,True,S,0,0
848,0,mr,male,1,40,9,other,0,True,C,0,0
852,0,mr,male,1,51,9,other,0,True,S,0,0
860,0,mr,male,1,40,9,other,0,True,C,0,0
871,0,mr,male,1,32,9,eng,0,True,S,0,0
873,0,mr,male,1,40,9,other,1,True,S,0,0
876,1,miss,female,1,21,9,other,0,True,C,0,0
878,0,mr,male,1,21,9,other,0,True,S,0,0
879,0,mr,male,1,40,9,other,0,True,S,0,0
882,0,mr,male,1,40,9,other,0,True,S,0,0
885,0,mr,male,1,26,9,eng,0,True,S,0,0
891,0,mr,male,1,40,9,eng,0,True,Q,0,0
8,0,master,male,2,13,40,other,0,False,S,3,1
9,1,mrs,female,2,32,20,eng,0,False,S,0,2
11,1,lass,female,2,13,20,other,1,False,S,1,1
14,0,mr,male,2,40,40,other,0,False,S,1,5
17,0,master,male,2,13,40,eng,0,False,Q,4,1
19,0,mrs,female,2,32,20,other,0,False,S,1,0
25,0,lass,female,2,13,40,other,0,False,S,3,1
26,1,mrs,female,2,40,40,other,0,False,S,1,5
39,0,miss,female,2,21,20,other,0,False,S,2,0
40,1,miss,female,2,21,20,other,0,False,C,1,0
41,0,mrs,female,2,50,20,other,0,False,S,1,0
47,0,mr,male,2,32,20,other,0,False,Q,1,0
49,0,mr,male,2,32,40,other,0,False,C,2,0
50,0,mrs,female,2,21,20,other,0,False,S,1,0
51,0,master,male,2,13,40,other,0,False,S,4,1
60,0,master,male,2,13,41,eng,0,False,S,5,2
64,0,master,male,2,13,40,other,0,False,S,3,2
66,1,master,male,2,21,20,other,0,False,C,1,1
72,0,miss,female,2,21,41,eng,0,False,S,5,2
74,0,mr,male,2,32,20,other,0,False,C,1,0
75,1,mr,male,2,40,41,eng,0,True,S,0,0
80,1,miss,female,2,32,20,eng,0,True,S,0,0
81,0,mr,male,2,26,20,other,0,True,S,0,0
82,1,mr,male,2,32,20,other,0,True,S,0,0
86,1,mrs,female,2,40,20,other,0,False,S,3,0
87,0,mr,male,2,21,40,eng,0,False,S,1,3
94,0,mr,male,2,32,40,eng,0,False,S,1,2
110,1,miss,female,2,26,40,other,0,False,Q,1,0
112,0,miss,female,2,21,20,other,0,False,C,1,0
114,0,miss,female,2,21,20,other,0,False,S,1,0
115,0,miss,female,2,21,20,other,0,True,C,0,0
120,0,lass,female,2,13,40,eng,0,False,S,4,2
126,1,master,male,2,13,20,other,0,False,C,1,0
129,1,miss,female,2,21,40,eng,1,False,C,1,1
133,0,mrs,female,2,50,20,eng,0,False,S,1,0
139,0,mr,male,2,21,20,other,0,True,S,0,0
141,0,mrs,female,2,40,20,eng,0,False,C,0,2
143,1,mrs,female,2,26,20,other,0,False,S,1,0
148,0,lass,female,2,13,40,eng,0,False,S,2,2
154,0,mr,male,2,50,20,eng,0,False,S,0,2
160,0,master,male,2,26,41,eng,0,False,S,8,2
161,0,mr,male,2,50,20,eng,0,False,S,0,1
165,0,master,male,2,13,40,other,0,False,S,4,1
166,1,master,male,2,13,40,eng,0,False,S,0,2
168,0,mrs,female,2,50,40,eng,0,False,S,1,4
170,0,mr,male,2,32,41,eng,0,True,S,0,0
172,0,master,male,2,13,40,eng,0,False,Q,4,1
173,1,lass,female,2,13,20,eng,0,False,S,1,1
177,0,master,male,2,21,40,eng,0,False,S,3,1
181,0,miss,female,2,26,41,eng,0,False,S,8,2
183,0,master,male,2,13,40,eng,0,False,S,4,2
185,1,lass,female,2,13,40,other,0,False,S,0,2
187,1,mrs,female,2,40,20,eng,0,False,Q,1,0
189,0,mr,male,2,50,20,eng,0,False,Q,1,1
201,0,mr,male,2,32,20,other,0,True,S,0,0
202,0,mr,male,2,40,41,eng,0,False,S,8,2
206,0,lass,female,2,13,20,other,1,False,S,0,1
207,0,mr,male,2,40,20,other,0,False,S,1,0
208,1,mr,male,2,32,20,other,0,True,C,0,0
226,0,mr,male,2,26,20,other,0,True,S,0,0
230,0,miss,female,2,21,40,other,0,False,S,3,1
234,1,lass,female,2,13,40,eng,0,False,S,4,2
241,0,miss,female,2,26,20,other,0,False,C,1,0
242,1,miss,female,2,26,20,eng,0,False,Q,1,0
252,0,mrs,female,2,32,20,other,1,False,S,1,1
254,0,mr,male,2,32,20,eng,0,False,S,1,0
255,0,mrs,female,2,50,40,other,0,False,S,0,2
256,1,mrs,female,2,32,20,other,0,False,C,0,2
262,1,master,male,2,13,40,other,0,False,S,4,2
267,0,mr,male,2,21,40,other,0,False,S,4,1
279,0,master,male,2,13,40,eng,0,False,Q,4,1
280,1,mrs,female,2,40,40,eng,0,False,S,1,1
283,0,mr,male,2,21,20,other,0,True,S,0,0
287,1,mr,male,2,32,20,eng,0,True,S,0,0
302,1,mr,male,2,32,40,eng,0,False,Q,2,0
325,0,mr,male,2,40,41,eng,0,False,S,8,2
329,1,mrs,female,2,32,40,eng,0,False,S,1,1
331,1,miss,female,2,26,40,eng,0,False,Q,2,0
334,0,mr,male,2,21,20,other,0,False,S,2,0
348,1,mrs,female,2,40,20,eng,0,False,S,1,0
349,1,master,male,2,13,20,eng,0,False,S,1,1
351,0,mr,male,2,26,20,other,0,True,S,0,0
354,0,mr,male,2,26,20,other,0,False,S,1,0
356,0,mr,male,2,32,20,other,0,True,S,0,0
361,0,mr,male,2,50,40,other,0,False,S,1,4
363,0,mrs,female,2,50,20,other,0,False,C,0,1
365,0,mr,male,2,32,20,eng,0,False,Q,1,0
375,0,lass,female,2,13,40,other,0,False,S,3,1
382,1,lass,female,2,13,20,other,0,False,C,0,2
387,0,master,male,2,13,41,eng,0,False,S,5,2
395,1,mrs,female,2,26,20,other,1,False,S,0,2
403,0,miss,female,2,26,20,eng,0,False,S,1,0
404,0,mr,male,2,32,20,other,0,False,S,1,0
410,0,miss,female,2,21,40,eng,0,False,S,3,1
420,0,lass,female,2,13,40,other,0,False,S,0,2
424,0,mrs,female,2,32,20,other,0,False,S,1,1
425,0,mr,male,2,21,40,other,0,False,S,1,1
432,1,mrs,female,2,40,20,other,0,False,S,1,0
437,0,miss,female,2,26,40,other,0,False,S,2,2
442,0,mr,male,2,21,20,eng,0,True,S,0,0
449,1,lass,female,2,13,20,other,0,False,C,2,1
452,0,mr,male,2,32,20,other,0,False,S,1,0
470,1,lass,female,2,13,20,other,0,False,C,2,1
475,0,miss,female,2,26,20,eng,0,True,S,0,0
480,1,lass,female,2,13,20,other,0,False,S,0,1
481,0,master,male,2,13,41,eng,0,False,S,5,2
484,1,mrs,female,2,51,20,other,0,True,S,0,0
486,0,miss,female,2,21,40,eng,0,False,S,3,1
490,1,master,male,2,13,20,other,0,False,S,1,1
491,0,mr,male,2,32,20,other,0,False,S,1,0
496,0,mr,male,2,40,20,other,0,True,C,0,0
498,0,mr,male,2,40,20,eng,0,True,S,0,0
504,0,miss,female,2,40,20,other,0,True,S,0,0
509,0,mr,male,2,32,40,eng,0,True,S,0,0
510,1,mr,male,2,32,41,other,0,True,S,0,0
518,0,mr,male,2,40,40,eng,0,True,Q,0,0
534,1,mrs,female,2,40,40,other,0,False,C,0,2
539,0,mr,male,2,40,20,eng,0,True,S,0,0
542,0,lass,female,2,13,40,other,0,False,S,4,2
543,0,lass,female,2,13,40,other,0,False,S,4,2
549,0,mr,male,2,40,40,eng,0,False,S,1,1
560,1,mrs,female,2,40,20,other,0,False,S,1,0
566,0,mr,male,2,26,40,eng,0,False,S,2,0
568,0,mrs,female,2,32,40,other,0,False,S,0,4
576,0,mr,male,2,21,20,eng,0,True,S,0,0
579,0,mrs,female,2,40,20,eng,0,False,C,1,0
596,0,mr,male,2,40,40,other,0,False,S,1,1
606,0,mr,male,2,40,20,other,0,False,S,1,0
611,0,mrs,female,2,40,40,other,0,False,S,1,5
613,1,miss,female,2,26,20,eng,0,False,Q,1,0
617,0,mr,male,2,40,20,other,0,False,S,1,1
618,0,mrs,female,2,32,20,eng,0,False,S,1,0
621,0,mr,male,2,32,20,other,0,False,C,1,0
623,1,mr,male,2,21,20,other,0,False,C,1,1
625,0,mr,male,2,26,20,eng,0,True,S,0,0
635,0,lass,female,2,13,40,eng,0,False,S,3,2
639,0,mrs,female,2,50,40,other,0,False,S,0,5
640,0,mr,male,2,32,20,other,0,False,S,1,0
643,0,lass,female,2,13,40,other,0,False,S,3,2
644,1,mr,male,2,40,41,other,0,True,S,0,0
645,1,lass,female,2,13,20,other,0,False,C,2,1
658,0,mrs,female,2,40,20,eng,0,False,Q,1,1
678,1,miss,female,2,21,20,eng,0,True,S,0,0
679,0,mrs,female,2,50,41,eng,0,False,S,1,6
683,0,mr,male,2,21,20,other,0,True,S,0,0
684,0,mr,male,2,21,41,eng,0,False,S,5,2
687,0,mr,male,2,21,40,other,0,False,S,4,1
688,0,mr,male,2,21,20,other,0,True,S,0,0
692,1,lass,female,2,13,20,other,0,False,C,0,1
693,1,mr,male,2,40,41,other,0,True,S,0,0
703,0,miss,female,2,21,20,other,0,False,C,0,1
710,1,master,male,2,21,20,other,0,False,C,1,1
714,0,mr,male,2,32,20,other,0,True,S,0,0
719,0,mr,male,2,40,20,eng,0,True,Q,0,0
732,0,mr,male,2,13,20,other,0,True,C,0,0
736,0,mr,male,2,32,20,eng,0,True,S,0,0
737,0,mrs,female,2,50,40,eng,0,False,S,1,3
744,0,mr,male,2,26,20,eng,0,False,S,1,0
747,0,mr,male,2,21,40,other,0,False,S,1,1
752,1,master,male,2,13,20,other,1,False,S,0,1
753,0,mr,male,2,40,20,other,0,True,S,0,0
761,0,mr,male,2,40,20,eng,0,True,S,0,0
769,0,mr,male,2,32,40,eng,0,False,Q,1,0
771,0,mr,male,2,26,20,eng,0,True,S,0,0
778,1,lass,female,2,13,20,eng,0,True,S,0,0
784,0,mr,male,2,40,40,eng,0,False,S,1,2
788,0,master,male,2,13,40,eng,0,False,Q,4,1
789,1,master,male,2,13,40,eng,0,False,S,1,2
793,0,miss,female,2,26,41,eng,0,False,S,8,2
800,0,mrs,female,2,32,40,other,0,False,S,1,1
812,0,mr,male,2,40,40,eng,0,True,S,0,0
814,0,lass,female,2,13,40,other,0,False,S,4,2
820,0,master,male,2,13,40,other,0,False,S,3,2
824,1,mrs,female,2,32,20,other,1,False,S,0,1
825,0,master,male,2,13,40,other,0,False,S,4,1
827,0,mr,male,2,40,41,eng,0,True,S,0,0
831,1,mrs,female,2,21,20,other,0,False,C,1,0
839,1,mr,male,2,40,41,other,0,True,S,0,0
847,0,mr,male,2,40,41,eng,0,False,S,8,2
851,0,master,male,2,13,40,other,0,False,S,4,2
853,0,lass,female,2,13,20,other,0,False,C,1,1
856,1,mrs,female,2,21,20,eng,0,False,S,0,1
859,1,mrs,female,2,26,20,other,0,False,C,0,3
861,0,mr,male,2,50,20,other,0,False,S,2,0
864,0,miss,female,2,26,41,eng,0,False,S,8,2
869,0,mr,male,2,40,20,other,0,True,S,0,0
870,1,master,male,2,13,20,eng,0,False,S,1,1
874,0,mr,male,2,50,20,eng,0,True,S,0,0
877,0,mr,male,2,21,20,eng,0,True,S,0,0
883,0,miss,female,2,26,20,other,0,True,S,0,0
886,0,mrs,female,2,40,40,eng,0,False,Q,0,5
889,0,miss,female,2,21,40,other,0,False,S,1,2
16,1,mrs,female,3,51,20,eng,0,True,S,0,0
18,1,mr,male,3,40,20,eng,0,True,S,0,0
22,1,mr,male,3,40,20,eng,1,True,S,0,0
34,0,mr,male,3,51,20,eng,0,True,S,0,0
57,1,miss,female,3,26,20,eng,0,True,S,0,0
67,1,mrs,female,3,32,20,eng,1,True,S,0,0
71,0,mr,male,3,40,20,eng,0,True,S,0,0
85,1,miss,female,3,21,20,other,0,True,S,0,0
124,1,miss,female,3,40,20,eng,1,True,S,0,0
135,0,mr,male,3,26,20,eng,0,True,S,0,0
136,0,mr,male,3,26,20,other,0,True,C,0,0
145,0,mr,male,3,21,20,other,0,True,S,0,0
150,0,mr,male,3,50,20,eng,0,True,S,0,0
151,0,mr,male,3,51,20,eng,0,True,S,0,0
162,1,mrs,female,3,50,20,eng,0,True,S,0,0
179,0,mr,male,3,32,20,eng,0,True,S,0,0
182,0,mr,male,3,40,20,eng,0,True,C,0,0
191,1,mrs,female,3,40,20,other,0,True,S,0,0
192,0,mr,male,3,21,20,eng,0,True,S,0,0
200,0,miss,female,3,26,20,other,0,True,S,0,0
214,0,mr,male,3,32,20,other,0,True,S,0,0
220,0,mr,male,3,32,20,eng,0,True,S,0,0
222,0,mr,male,3,32,20,eng,0,True,S,0,0
227,1,mr,male,3,21,20,eng,0,True,S,0,0
229,0,mr,male,3,21,20,other,0,True,S,0,0
233,0,mr,male,3,51,20,other,0,True,S,0,0
235,0,mr,male,3,26,20,eng,0,True,S,0,0
239,0,mr,male,3,21,20,eng,0,True,S,0,0
240,0,mr,male,3,40,20,eng,0,True,S,0,0
243,0,mr,male,3,32,20,eng,0,True,S,0,0
248,1,mrs,female,3,26,20,eng,0,False,S,0,2
266,0,mr,male,3,40,20,eng,0,True,S,0,0
273,1,mrs,female,3,50,20,eng,0,False,S,0,1
289,1,mr,male,3,50,20,other,0,True,S,0,0
293,0,mr,male,3,40,20,eng,1,True,C,0,0
304,1,miss,female,3,40,20,eng,1,True,Q,0,0
318,0,mr,male,3,51,20,eng,0,True,S,0,0
323,1,miss,female,3,32,20,eng,0,True,Q,0,0
328,1,mrs,female,3,40,20,eng,1,True,S,0,0
343,0,mr,male,3,32,20,other,0,True,S,0,0
344,0,mr,male,3,26,20,eng,0,True,S,0,0
345,0,mr,male,3,40,20,eng,0,True,S,0,0
346,1,miss,female,3,26,20,eng,1,True,S,0,0
347,1,miss,female,3,50,20,other,0,True,S,0,0
358,0,miss,female,3,40,20,eng,0,True,S,0,0
388,1,miss,female,3,40,20,eng,0,True,S,0,0
390,1,miss,female,3,21,20,other,0,True,C,0,0
399,0,mr,male,3,26,20,eng,0,True,S,0,0
400,1,mrs,female,3,32,20,eng,0,True,S,0,0
408,1,master,male,3,13,20,eng,0,False,S,1,1
418,1,miss,female,3,21,20,other,0,False,S,0,2
419,0,mr,male,3,32,20,eng,0,True,S,0,0
438,1,mrs,female,3,26,20,eng,0,False,S,2,3
440,0,mr,male,3,32,20,other,0,True,S,0,0
444,1,miss,female,3,32,20,other,0,True,S,0,0
447,1,miss,female,3,21,20,other,0,False,S,0,1
459,1,miss,female,3,51,20,eng,0,True,S,0,0
464,0,mr,male,3,50,20,eng,0,True,S,0,0
474,1,mrs,female,3,26,20,other,1,True,C,0,0
517,1,mrs,female,3,40,20,eng,1,True,S,0,0
527,1,miss,female,3,51,20,eng,0,True,S,0,0
530,0,mr,male,3,26,20,eng,0,False,S,2,1
548,1,mr,male,3,40,20,eng,0,True,C,0,0
563,0,mr,male,3,32,20,eng,0,True,S,0,0
571,1,mr,male,3,51,20,eng,0,True,S,0,0
577,1,miss,female,3,40,20,eng,0,True,S,0,0
587,0,mr,male,3,50,20,eng,0,True,S,0,0
620,0,mr,male,3,32,20,eng,0,True,S,0,0
627,0,mr,male,3,51,20,eng,0,True,Q,0,0
636,1,miss,female,3,32,20,eng,0,True,S,0,0
659,0,mr,male,3,26,20,eng,0,True,S,0,0
667,0,mr,male,3,26,20,eng,0,True,S,0,0
673,0,mr,male,3,51,20,eng,0,True,S,0,0
674,1,mr,male,3,32,20,eng,0,True,S,0,0
696,0,mr,male,3,51,20,eng,0,True,S,0,0
707,1,mrs,female,3,50,20,eng,0,True,S,0,0
715,0,mr,male,3,51,20,eng,0,True,S,0,0
718,1,miss,female,3,32,20,eng,1,True,S,0,0
723,0,mr,male,3,40,20,eng,0,True,S,0,0
724,0,mr,male,3,51,20,eng,0,True,S,0,0
734,0,mr,male,3,26,20,eng,0,True,S,0,0
735,0,mr,male,3,26,20,eng,0,True,S,0,0
748,1,miss,female,3,32,20,eng,0,True,S,0,0
756,1,master,male,3,13,20,other,0,False,S,1,1
758,0,mr,male,3,21,20,eng,0,True,S,0,0
773,0,mrs,female,3,51,20,eng,1,True,S,0,0
796,0,mr,male,3,40,20,eng,0,True,S,0,0
801,0,mr,male,3,40,20,eng,0,True,S,0,0
809,0,mr,male,3,40,20,other,0,True,S,0,0
813,0,mr,male,3,40,20,eng,0,True,S,0,0
832,1,master,male,3,13,20,eng,0,False,S,1,1
842,0,mr,male,3,21,20,eng,0,True,S,0,0
862,0,mr,male,3,26,20,eng,0,False,S,1,0
865,0,mr,male,3,26,20,eng,0,True,S,0,0
866,1,mrs,female,3,50,20,other,0,True,S,0,0
867,1,miss,female,3,32,20,other,0,False,C,1,0
884,0,mr,male,3,32,20,eng,0,True,S,0,0
887,0,mr,male,3,32,20,other,0,True,S,0,0
2,1,mrs,female,4,40,41,eng,1,False,C,1,0
4,1,mrs,female,4,40,41,other,1,False,S,1,0
7,0,mr,male,4,51,41,eng,1,True,S,0,0
10,1,mrs,female,4,21,40,eng,0,False,C,1,0
12,1,miss,female,4,51,40,eng,1,True,S,0,0
21,0,mr,male,4,40,40,eng,0,True,S,0,0
24,1,mr,male,4,32,40,eng,1,True,S,0,0
28,0,mr,male,4,21,41,eng,1,False,S,3,2
31,0,mr,male,4,50,40,other,0,True,C,0,0
32,1,mrs,female,4,40,41,eng,1,False,C,1,0
35,0,mr,male,4,32,41,eng,0,False,C,1,0
36,0,mr,male,4,50,41,eng,0,False,S,1,0
42,0,mrs,female,4,32,40,eng,0,False,S,1,0
44,1,lass,female,4,13,41,other,0,False,C,1,2
53,1,mrs,female,4,50,41,eng,1,False,C,1,0
54,1,mrs,female,4,32,40,eng,0,False,S,1,0
55,0,mr,male,4,51,41,other,1,False,C,0,1
56,1,mr,male,4,50,40,eng,1,True,S,0,0
59,1,lass,female,4,13,40,eng,0,False,S,1,2
62,1,miss,female,4,40,41,other,1,True,S,0,0
63,0,mr,male,4,50,41,eng,1,False,S,1,0
65,0,mr,male,4,50,40,eng,0,True,C,0,0
73,0,mr,male,4,26,41,eng,0,True,S,0,0
79,1,master,male,4,13,40,eng,0,False,S,0,2
84,0,mr,male,4,32,41,other,0,True,S,0,0
89,1,miss,female,4,26,41,eng,1,False,S,3,2
93,0,mr,male,4,50,41,eng,1,False,S,1,0
97,0,mr,male,4,51,40,eng,1,True,C,0,0
98,1,mr,male,4,26,41,eng,1,False,C,0,1
99,1,mrs,female,4,40,40,eng,0,False,S,0,1
100,0,mr,male,4,40,40,other,0,False,S,1,0
103,0,mr,male,4,26,41,eng,1,False,S,0,1
111,0,mr,male,4,50,41,eng,1,True,S,0,0
118,0,mr,male,4,32,40,eng,0,False,S,1,0
119,0,mr,male,4,26,41,eng,1,False,C,0,1
121,0,mr,male,4,26,41,eng,0,False,S,2,0
123,0,mr,male,4,40,40,eng,0,False,C,1,0
125,0,mr,male,4,51,41,other,1,False,S,0,1
134,1,mrs,female,4,32,40,other,0,False,S,1,0
137,1,miss,female,4,21,40,eng,1,False,S,0,2
138,0,mr,male,4,40,41,other,1,False,S,1,0
140,0,mr,male,4,26,41,eng,1,True,C,0,0
146,0,mr,male,4,21,40,eng,0,False,S,1,1
149,0,mr,male,4,40,40,other,1,False,S,0,2
152,1,mrs,female,4,26,41,eng,1,False,S,1,0
156,0,mr,male,4,51,41,eng,0,False,C,0,1
167,1,mrs,female,4,50,41,eng,1,False,S,0,1
169,0,mr,male,4,50,40,eng,0,True,S,0,0
171,0,mr,male,4,51,40,other,1,True,S,0,0
175,0,mr,male,4,51,40,eng,1,True,C,0,0
178,0,miss,female,4,51,40,eng,1,True,C,0,0
184,1,master,male,4,13,40,eng,1,False,S,2,1
186,0,mr,male,4,50,41,eng,1,True,S,0,0
188,1,mr,male,4,50,40,eng,0,True,S,0,0
194,1,master,male,4,13,40,other,1,False,S,1,1
195,1,mrs,female,4,50,40,eng,1,True,C,0,0
196,1,miss,female,4,51,41,other,1,True,C,0,0
210,1,mr,male,4,50,40,eng,1,True,C,0,0
212,1,miss,female,4,40,40,other,0,True,S,0,0
216,1,miss,female,4,32,41,other,1,False,C,1,0
218,0,mr,male,4,50,40,eng,0,False,S,1,0
219,1,miss,female,4,40,41,other,1,True,C,0,0
225,1,mr,male,4,40,41,eng,1,False,S,1,0
231,1,mrs,female,4,40,41,eng,1,False,S,1,0
237,0,mr,male,4,50,40,eng,0,False,S,1,0
238,1,lass,female,4,13,40,eng,0,False,S,0,2
246,0,mr,male,4,50,41,eng,1,False,Q,2,0
249,1,mr,male,4,40,41,eng,1,False,S,1,1
250,0,mr,male,4,51,40,eng,0,False,S,1,0
253,0,mr,male,4,51,40,eng,1,True,S,0,0
257,1,mrs,female,4,51,41,eng,0,True,C,0,0
258,1,miss,female,4,32,41,eng,1,True,S,0,0
259,1,miss,female,4,40,41,eng,0,True,C,0,0
260,1,mrs,female,4,51,40,eng,0,False,S,0,1
263,0,mr,male,4,51,41,other,1,False,S,1,1
269,1,mrs,female,4,51,41,eng,1,False,S,0,1
270,1,miss,female,4,40,41,eng,1,True,S,0,0
271,0,mr,male,4,50,40,eng,0,True,S,0,0
274,0,mr,male,4,40,40,eng,1,False,C,0,1
276,1,miss,female,4,51,41,other,1,False,S,1,0
285,0,mr,male,4,50,40,eng,1,True,S,0,0
291,1,miss,female,4,32,41,eng,0,True,S,0,0
292,1,mrs,female,4,21,41,eng,1,False,C,1,0
296,0,mr,male,4,50,40,other,0,True,C,0,0
298,0,lass,female,4,13,41,eng,1,False,S,1,2
299,1,mr,male,4,50,40,other,1,True,S,0,0
300,1,mrs,female,4,51,41,eng,1,False,C,0,1
306,1,master,male,4,13,41,eng,1,False,S,1,2
307,1,miss,female,4,40,41,eng,0,True,C,0,0
308,1,mrs,female,4,21,41,eng,1,False,C,1,0
309,0,mr,male,4,32,40,eng,0,False,C,1,0
310,1,miss,female,4,32,41,eng,1,True,C,0,0
311,1,miss,female,4,26,41,eng,1,True,C,0,0
312,1,miss,female,4,21,41,eng,1,False,C,2,2
313,0,mrs,female,4,32,40,eng,0,False,S,1,1
315,0,mr,male,4,50,40,eng,0,False,S,1,1
317,1,mrs,female,4,26,40,other,0,False,S,1,0
319,1,miss,female,4,32,41,eng,1,False,S,0,2
320,1,mrs,female,4,50,41,other,1,False,C,1,1
324,1,mrs,female,4,26,40,eng,0,False,S,1,1
326,1,miss,female,4,40,41,other,1,True,C,0,0
330,1,miss,female,4,21,41,other,1,False,C,0,1
332,0,mr,male,4,50,40,eng,1,True,S,0,0
333,0,mr,male,4,40,41,eng,1,False,S,0,1
335,1,mrs,female,4,50,41,eng,0,False,S,1,0
337,0,mr,male,4,32,41,eng,1,False,S,1,0
338,1,miss,female,4,50,41,eng,1,True,C,0,0
340,0,mr,male,4,50,40,eng,1,True,S,0,0
341,1,master,male,4,13,40,other,1,False,S,1,1
342,1,miss,female,4,26,41,eng,1,False,S,3,2
352,0,mr,male,4,50,40,eng,1,True,S,0,0
357,1,miss,female,4,26,41,eng,1,False,S,0,1
362,0,mr,male,4,32,40,other,0,False,C,1,0
367,1,mrs,female,4,51,41,eng,1,False,C,1,0
370,1,mrs,female,4,26,41,other,1,True,C,0,0
371,1,mr,male,4,26,41,eng,1,False,C,1,0
374,0,mr,male,4,26,41,other,0,True,C,0,0
376,1,mrs,female,4,50,41,eng,0,False,C,1,0
378,0,mr,male,4,32,41,eng,1,False,C,0,2
381,1,miss,female,4,50,41,other,0,True,C,0,0
384,1,mrs,female,4,40,41,eng,0,False,S,1,0
386,0,mr,male,4,21,41,eng,0,True,S,0,0
391,1,mr,male,4,40,41,eng,1,False,S,1,2
394,1,miss,female,4,26,41,eng,1,False,C,1,0
398,0,mr,male,4,50,40,eng,0,True,S,0,0
406,0,mr,male,4,40,40,other,0,False,S,1,0
413,1,miss,female,4,40,41,eng,1,False,Q,1,0
417,1,mrs,female,4,40,40,eng,0,False,S,1,1
427,1,mrs,female,4,32,40,eng,0,False,S,1,0
428,1,miss,female,4,21,40,eng,0,True,S,0,0
431,1,mr,male,4,32,40,other,1,True,S,0,0
433,1,mrs,female,4,50,40,eng,0,False,S,1,0
435,0,mr,male,4,51,41,eng,1,False,S,1,0
436,1,miss,female,4,21,41,other,1,False,S,1,2
439,0,mr,male,4,51,41,eng,1,False,S,1,4
441,1,mrs,female,4,50,40,eng,0,False,S,1,1
446,1,master,male,4,13,41,eng,1,False,S,0,2
448,1,mr,male,4,40,40,other,0,True,S,0,0
450,1,mr,male,4,51,40,eng,1,True,S,0,0
451,0,mr,male,4,40,40,eng,0,False,S,1,2
453,0,mr,male,4,32,40,eng,1,True,C,0,0
454,1,mr,male,4,50,41,eng,1,False,C,1,0
457,0,mr,male,4,51,40,eng,1,True,S,0,0
458,1,mrs,female,4,40,41,eng,1,False,S,1,0
461,1,mr,male,4,50,40,eng,1,True,S,0,0
463,0,mr,male,4,50,40,eng,1,True,S,0,0
468,0,mr,male,4,51,40,eng,0,True,S,0,0
473,1,mrs,female,4,40,40,eng,0,False,S,1,2
476,0,mr,male,4,50,41,eng,1,True,S,0,0
477,0,mr,male,4,40,40,eng,0,False,S,1,0
485,1,mr,male,4,26,41,eng,1,False,C,1,0
487,1,mrs,female,4,40,41,eng,1,False,S,1,0
488,0,mr,male,4,51,40,eng,1,True,C,0,0
493,0,mr,male,4,51,40,eng,1,True,S,0,0
494,0,mr,male,4,51,41,other,0,True,C,0,0
497,1,miss,female,4,51,41,eng,1,False,C,1,0
499,0,mrs,female,4,26,41,eng,1,False,S,1,2
505,1,miss,female,4,21,41,eng,1,True,S,0,0
506,0,mr,male,4,21,41,eng,1,False,C,1,0
507,1,mrs,female,4,40,40,eng,0,False,S,0,2
508,1,mr,male,4,50,40,eng,0,True,S,0,0
513,1,mr,male,4,40,40,eng,1,True,S,0,0
514,1,mrs,female,4,51,41,eng,0,False,C,1,0
516,0,mr,male,4,50,40,eng,1,True,S,0,0
519,1,mrs,female,4,40,40,eng,0,False,S,1,0
521,1,miss,female,4,32,41,other,1,True,S,0,0
524,1,mrs,female,4,50,41,other,1,False,C,0,1
528,0,mr,male,4,50,41,eng,1,True,S,0,0
531,1,lass,female,4,13,40,other,0,False,S,1,1
536,1,lass,female,4,13,40,other,0,False,S,0,2
537,0,mr,male,4,50,40,eng,1,True,S,0,0
538,1,miss,female,4,32,41,other,0,True,C,0,0
540,1,miss,female,4,26,41,other,1,False,C,0,2
541,1,miss,female,4,40,41,eng,1,False,S,0,2
544,1,mr,male,4,40,40,eng,0,False,S,1,0
545,0,mr,male,4,51,41,eng,1,False,C,1,0
546,0,mr,male,4,51,40,eng,0,True,S,0,0
547,1,mrs,female,4,21,40,eng,0,False,S,1,0
550,1,master,male,4,13,40,eng,0,False,S,1,1
551,1,mr,male,4,21,41,eng,1,False,C,0,2
552,0,mr,male,4,32,40,other,0,True,S,0,0
556,0,mr,male,4,51,40,eng,0,True,S,0,0
557,1,mrs,female,4,50,40,other,1,False,C,1,0
558,0,mr,male,4,50,41,eng,0,True,C,0,0
559,1,mrs,female,4,40,41,other,1,False,S,1,1
572,1,mrs,female,4,51,41,eng,1,False,S,2,0
573,1,mr,male,4,40,40,eng,1,True,S,0,0
578,1,mrs,female,4,40,41,eng,1,False,S,1,0
581,1,miss,female,4,26,40,other,0,False,S,1,1
582,1,mrs,female,4,40,41,eng,1,False,C,1,1
583,0,mr,male,4,51,40,eng,0,True,S,0,0
584,0,mr,male,4,40,41,eng,1,True,C,0,0
586,1,miss,female,4,21,41,eng,1,False,S,0,2
588,1,mr,male,4,51,41,other,1,False,C,1,1
592,1,mrs,female,4,51,41,eng,1,False,C,1,0
595,0,mr,male,4,40,40,eng,0,False,S,1,0
597,1,miss,female,4,40,40,eng,0,True,S,0,0
600,1,mr,male,4,50,41,other,1,False,C,1,0
601,1,mrs,female,4,26,40,eng,0,False,S,2,1
603,0,mr,male,4,50,41,eng,0,True,S,0,0
605,1,mr,male,4,40,40,eng,0,True,C,0,0
608,1,mr,male,4,32,40,eng,0,True,S,0,0
609,1,mrs,female,4,26,41,eng,0,False,C,1,2
610,1,miss,female,4,50,41,eng,1,True,S,0,0
616,1,miss,female,4,26,41,eng,0,False,S,1,2
619,1,lass,female,4,13,40,other,1,False,S,2,1
622,1,mr,male,4,50,41,eng,1,False,S,1,0
626,0,mr,male,4,51,40,eng,1,True,S,0,0
628,1,miss,female,4,26,41,other,1,True,S,0,0
631,1,mr,male,4,51,40,eng,1,True,S,0,0
633,1,mr,male,4,40,40,other,1,True,C,0,0
638,0,mr,male,4,32,40,eng,0,False,S,1,1
642,1,miss,female,4,26,41,eng,1,True,C,0,0
646,1,mr,male,4,50,41,eng,1,False,C,1,0
648,1,mr,male,4,51,40,other,1,True,C,0,0
652,1,miss,female,4,21,40,eng,0,False,S,0,1
656,0,mr,male,4,26,41,eng,0,False,S,2,0
660,0,mr,male,4,51,41,eng,1,False,C,0,2
661,1,mr,male,4,51,41,eng,0,False,S,2,0
663,0,mr,male,4,50,40,eng,1,True,S,0,0
666,0,mr,male,4,40,41,eng,0,False,S,2,0
670,1,mrs,female,4,40,41,eng,1,False,S,1,0
671,1,mrs,female,4,50,40,eng,0,False,S,1,1
672,0,mr,male,4,32,41,eng,1,False,S,1,0
680,1,mr,male,4,40,41,eng,1,False,C,0,1
682,1,mr,male,4,32,41,other,1,True,C,0,0
685,0,mr,male,4,51,40,eng,0,False,S,1,1
686,0,mr,male,4,26,41,eng,0,False,C,1,2
690,1,miss,female,4,21,41,other,1,False,S,0,1
691,1,mr,male,4,32,41,eng,1,False,S,1,0
695,0,mr,male,4,51,40,eng,0,True,S,0,0
699,0,mr,male,4,50,41,eng,1,False,C,1,1
701,1,mrs,female,4,21,41,eng,1,False,C,1,0
702,1,mr,male,4,40,40,eng,1,True,S,0,0
706,0,mr,male,4,40,40,eng,0,True,S,0,0
708,1,mr,male,4,50,40,eng,1,True,S,0,0
709,1,miss,female,4,26,41,eng,0,True,S,0,0
711,1,miss,female,4,26,41,other,1,True,C,0,0
712,0,mr,male,4,50,40,eng,1,True,S,0,0
713,1,mr,male,4,50,41,eng,1,False,S,1,0
717,1,miss,female,4,40,41,other,1,True,C,0,0
721,1,lass,female,4,13,40,eng,0,False,S,0,1
725,1,mr,male,4,32,41,eng,1,False,S,1,0
727,1,mrs,female,4,32,40,eng,0,False,S,3,0
729,0,mr,male,4,26,40,other,0,False,S,1,0
731,1,miss,female,4,32,41,other,1,True,S,0,0
738,1,mr,male,4,40,41,other,1,True,C,0,0
741,1,mr,male,4,50,40,eng,1,True,S,0,0
742,0,mr,male,4,40,41,eng,1,False,S,1,0
743,1,miss,female,4,26,41,eng,1,False,C,2,2
746,0,mr,male,4,51,41,eng,1,False,S,1,1
749,0,mr,male,4,21,41,eng,1,False,S,1,0
751,1,lass,female,4,13,40,eng,0,False,S,1,1
755,1,mrs,female,4,50,41,eng,0,False,S,1,2
760,1,mrs,female,4,40,41,other,1,True,S,0,0
764,1,mrs,female,4,40,41,eng,1,False,S,1,2
766,1,mrs,female,4,51,41,eng,1,False,S,1,0
767,0,mr,male,4,50,40,eng,0,True,C,0,0
775,1,mrs,female,4,51,40,eng,0,False,S,1,3
780,1,mrs,female,4,50,41,eng,1,False,S,0,1
782,1,mrs,female,4,21,41,eng,1,False,S,1,0
783,0,mr,male,4,32,40,eng,1,True,S,0,0
790,0,mr,male,4,50,41,eng,1,True,C,0,0
792,0,mr,male,4,21,40,eng,0,True,S,0,0
794,0,mr,male,4,50,40,eng,0,True,C,0,0
797,1,mr,female,4,50,40,eng,1,True,S,0,0
802,1,mrs,female,4,32,40,eng,0,False,S,1,1
803,1,master,male,4,13,41,eng,1,False,S,1,2
810,1,mrs,female,4,40,41,eng,1,False,S,1,0
818,0,mr,male,4,32,40,eng,0,False,C,1,1
821,1,mrs,female,4,51,41,eng,1,False,S,1,1
828,1,master,male,4,13,40,eng,0,False,C,0,2
830,1,mrs,female,4,51,41,eng,1,True,S,0,0
836,1,miss,female,4,40,41,other,1,False,C,1,1
840,1,mr,male,4,50,40,other,1,True,C,0,0
843,1,miss,female,4,32,40,other,0,True,C,0,0
849,0,mr,male,4,32,40,eng,0,False,S,0,1
850,1,mrs,female,4,40,41,eng,1,False,C,1,0
854,1,miss,female,4,21,40,eng,1,False,S,0,1
855,0,mrs,female,4,50,40,eng,0,False,S,1,0
857,1,mrs,female,4,50,41,eng,0,False,S,1,1
858,1,mr,male,4,51,40,eng,1,True,S,0,0
863,1,mrs,female,4,50,40,eng,1,True,S,0,0
868,0,mr,male,4,32,41,eng,1,True,S,0,0
872,1,mrs,female,4,50,41,eng,1,False,S,1,1
875,1,mrs,female,4,32,40,eng,0,False,C,1,0
880,1,mrs,female,4,51,41,eng,1,False,C,0,1
881,1,mrs,female,4,26,40,eng,0,False,S,0,1
888,1,miss,female,4,21,40,eng,1,True,S,0,0
890,1,mr,male,4,32,40,other,1,True,C,0,0
